"distance","spectrumID","i"
0.499103685776959,"spec-3658-55205-0985.fits",54
0.520598470780029,"spec-3658-55205-0862.fits",54
0.525240107222659,"spec-3658-55205-0040.fits",70
0.530928437653995,"spec-3658-55205-0024.fits",70
0.538480170183383,"spec-3658-55205-0966.fits",54
0.54702383589121,"spec-3658-55205-0982.fits",51
0.552042865114659,"spec-3658-55205-0934.fits",1364
0.558817454384948,"spec-3658-55205-0486.fits",72
0.566059987891472,"spec-3658-55205-0276.fits",215
0.570713563713964,"spec-3658-55205-0144.fits",69
0.579232249891381,"spec-3658-55205-0372.fits",69
0.580693102899058,"spec-3658-55205-0876.fits",197
0.581382457072804,"spec-3658-55205-0388.fits",582
0.581958497971791,"spec-3658-55205-0470.fits",68
0.584449395410281,"spec-3658-55205-0334.fits",582
0.587251897664277,"spec-3658-55205-0324.fits",218
0.589988510058405,"spec-3658-55205-0994.fits",1366
0.590119739220857,"spec-3658-55205-0858.fits",55
0.593733636997377,"spec-3658-55205-0326.fits",73
0.597976766878585,"spec-3658-55205-0196.fits",216
0.598885866706438,"spec-3658-55205-0548.fits",53
0.600361218734698,"spec-3658-55205-0456.fits",224
0.602198912725371,"spec-3658-55205-0930.fits",53
0.603152987836789,"spec-3658-55205-0220.fits",582
0.613278587974236,"spec-3658-55205-0370.fits",218
0.61492047620058,"spec-3658-55205-0664.fits",2103
0.616043180842946,"spec-3658-55205-0190.fits",71
0.623877292238658,"spec-3658-55205-0792.fits",54
0.624155412341393,"spec-3658-55205-0380.fits",1690
0.625804887121822,"spec-3658-55205-0041.fits",213
0.62655883387665,"spec-3658-55205-0426.fits",68
0.627382776412537,"spec-3658-55205-0794.fits",54
0.628820322854,"spec-3658-55205-0880.fits",563
0.629978934867282,"spec-3658-55205-0572.fits",649
0.631025967129397,"spec-3658-55205-0346.fits",71
0.634735863317541,"spec-3658-55205-0064.fits",1943
0.635499908957995,"spec-3658-55205-0100.fits",1416
0.639547703603754,"spec-3658-55205-0254.fits",2198
0.643146125100838,"spec-3658-55205-0734.fits",565
0.643531919362005,"spec-3658-55205-0834.fits",1632
0.651706804159556,"spec-3658-55205-0986.fits",307
0.656084380149838,"spec-3658-55205-0478.fits",70
0.656432468969558,"spec-3658-55205-0686.fits",1383
0.657004838020673,"spec-3658-55205-0992.fits",2071
0.658607837838811,"spec-3658-55205-0178.fits",70
0.660091793836293,"spec-3658-55205-0546.fits",682
0.660814192457542,"spec-3658-55205-0984.fits",2028
0.663537814217897,"spec-3658-55205-0518.fits",686
0.668184429379715,"spec-3658-55205-0142.fits",69
0.670104021029537,"spec-3658-55205-0945.fits",1578
0.67044893313882,"spec-3658-55205-0114.fits",2384
0.674592886620163,"spec-3658-55205-0048.fits",1405
0.677624821133822,"spec-3658-55205-0378.fits",2256
0.678117701365604,"spec-3658-55205-0990.fits",562
0.678255736260112,"spec-3658-55205-0336.fits",176
0.678403033063799,"spec-3658-55205-0294.fits",1668
0.681911050381004,"spec-3658-55205-0942.fits",392
0.682136847626222,"spec-3658-55205-0826.fits",467
0.68268339114515,"spec-3658-55205-0580.fits",201
0.683164614038828,"spec-3658-55205-0981.fits",2056
0.683598899628191,"spec-3658-55205-0198.fits",579
0.684538423563416,"spec-3658-55205-0630.fits",2198
0.686179686758764,"spec-3658-55205-0192.fits",1411
0.687246880588027,"spec-3658-55205-0386.fits",1073
0.688302775817959,"spec-3658-55205-0601.fits",1985
0.690614186411463,"spec-3658-55205-0848.fits",194
0.693053450262142,"spec-3658-55205-0684.fits",1383
0.695603624953195,"spec-3658-55205-0006.fits",706
0.695627459510506,"spec-3658-55205-0395.fits",2215
0.695964222496927,"spec-3658-55205-0070.fits",70
0.697117454435318,"spec-3658-55205-0476.fits",81
0.698347776053152,"spec-3658-55205-0106.fits",67
0.704107796691408,"spec-3658-55205-0092.fits",72
0.704567858765547,"spec-3658-55205-0774.fits",2160
0.707506364707491,"spec-3658-55205-0321.fits",2096
0.707656948101027,"spec-3658-55205-0828.fits",295
0.70992399887297,"spec-3658-55205-0564.fits",1365
0.711609630573231,"spec-3658-55205-0332.fits",579
0.712406772902751,"spec-3658-55205-0852.fits",159
0.714207552624172,"spec-3658-55205-0920.fits",1124
0.714306048584346,"spec-3658-55205-0658.fits",205
0.714324608885714,"spec-3658-55205-0808.fits",564
0.714416857690855,"spec-3658-55205-0472.fits",1938
0.714518691323411,"spec-3658-55205-0176.fits",953
0.715330840594675,"spec-3658-55205-0636.fits",1025
0.715901256028705,"spec-3658-55205-0352.fits",848
0.719079261628789,"spec-3658-55205-0034.fits",72
0.719458475877705,"spec-3658-55205-0278.fits",216
0.721259423616918,"spec-3658-55205-0140.fits",579
0.722157611059013,"spec-3658-55205-0704.fits",2199
0.722924209039423,"spec-3658-55205-0722.fits",200
0.724575551901085,"spec-3658-55205-0208.fits",218
0.725198284419552,"spec-3658-55205-0993.fits",2080
0.726827938098699,"spec-3658-55205-0398.fits",1898
0.726940373031043,"spec-3658-55205-0397.fits",2051
0.727010974589794,"spec-3658-55205-0638.fits",2144
0.727325307980469,"spec-3658-55205-0558.fits",1621
0.728026850101546,"spec-3658-55205-0301.fits",2355
0.728620100713022,"spec-3658-55205-0929.fits",1374
0.731103451760358,"spec-3658-55205-0240.fits",217
0.734007738586175,"spec-3658-55205-0022.fits",33
0.734292173165211,"spec-3658-55205-0115.fits",1229
0.735038574111645,"spec-3658-55205-0555.fits",51
0.735140707332469,"spec-3658-55205-0329.fits",2072
0.735238887186206,"spec-3658-55205-0806.fits",1094
0.735647416655354,"spec-3658-55205-0116.fits",64
0.736564661275245,"spec-3658-55205-0156.fits",564
0.736898983696228,"spec-3658-55205-0989.fits",2001
0.736973363829202,"spec-3658-55205-0772.fits",210
0.737912047467172,"spec-3658-55205-0494.fits",1898
0.738441178234615,"spec-3658-55205-0688.fits",807
0.738722637810732,"spec-3658-55205-0399.fits",2088
0.739109311361045,"spec-3658-55205-0356.fits",291
0.739146157823766,"spec-3658-55205-0440.fits",302
0.739520398811164,"spec-3658-55205-0148.fits",91
0.740099502881479,"spec-3658-55205-0256.fits",2191
0.741162249941698,"spec-3658-55205-0758.fits",854
0.741540712472869,"spec-3658-55205-0362.fits",597
0.741819128979155,"spec-3658-55205-0082.fits",71
0.742679239292122,"spec-3658-55205-0952.fits",159
0.744473623149685,"spec-3658-55205-0919.fits",1757
0.745608751399311,"spec-3658-55205-0538.fits",867
0.745880130755615,"spec-3658-55205-0392.fits",72
0.74605268753115,"spec-3658-55205-0713.fits",2094
0.747137163083855,"spec-3658-55205-0721.fits",2345
0.747791486113844,"spec-3658-55205-0824.fits",152
0.748313282549439,"spec-3658-55205-0031.fits",1957
0.752464557847029,"spec-3658-55205-0542.fits",517
0.753197405879547,"spec-3658-55205-0252.fits",1378
0.754188091043741,"spec-3658-55205-0987.fits",2108
0.757094623814133,"spec-3658-55205-0054.fits",1686
0.758106691310405,"spec-3658-55205-0039.fits",705
0.758444229638296,"spec-3658-55205-0269.fits",2049
0.759012727335352,"spec-3658-55205-0094.fits",654
0.759087090816974,"spec-3658-55205-0201.fits",1736
0.759848885778586,"spec-3658-55205-0694.fits",1131
0.759946374837099,"spec-3658-55205-0279.fits",2292
0.760555316324239,"spec-3658-55205-0154.fits",146
0.760630078804801,"spec-3658-55205-0827.fits",1829
0.764290406634688,"spec-3658-55205-0074.fits",211
0.764697928993272,"spec-3658-55205-0325.fits",2017
0.764815838947509,"spec-3658-55205-0101.fits",2137
0.76531144522101,"spec-3658-55205-0152.fits",166
0.766423473271583,"spec-3658-55205-0720.fits",56
0.76857276117755,"spec-3658-55205-0653.fits",2113
0.76876698263399,"spec-3658-55205-0521.fits",2039
0.769402256916892,"spec-3658-55205-0707.fits",2045
0.769546930333304,"spec-3658-55205-0242.fits",1960
0.770175500938308,"spec-3658-55205-0705.fits",2066
0.771226262146432,"spec-3658-55205-0700.fits",2322
0.772296370009199,"spec-3658-55205-0743.fits",2005
0.773199145248619,"spec-3658-55205-0737.fits",2063
0.773621200956036,"spec-3658-55205-0312.fits",217
0.773625822879003,"spec-3658-55205-0014.fits",353
0.773886183373416,"spec-3658-55205-0035.fits",2061
0.77494526158647,"spec-3658-55205-0150.fits",227
0.77500193045263,"spec-3658-55205-0752.fits",1871
0.775694545740767,"spec-3658-55205-0076.fits",176
0.775820397436704,"spec-3658-55205-0832.fits",809
0.776393453598819,"spec-3658-55205-0956.fits",1726
0.776618334505857,"spec-3658-55205-0736.fits",108
0.777201682927582,"spec-3658-55205-0967.fits",1943
0.77863167079119,"spec-3658-55205-0784.fits",563
0.778660129319327,"spec-3658-55205-0032.fits",1788
0.778987670371745,"spec-3658-55205-0501.fits",2021
0.779239868900551,"spec-3658-55205-0393.fits",1977
0.779439284804601,"spec-3658-55205-0421.fits",2122
0.779702637540757,"spec-3658-55205-0172.fits",369
0.779789459205826,"spec-3658-55205-0266.fits",203
0.780101791872979,"spec-3658-55205-0872.fits",577
0.78013067540885,"spec-3658-55205-0234.fits",2233
0.780527860452346,"spec-3658-55205-0458.fits",47
0.780563616107701,"spec-3658-55205-0749.fits",1878
0.780744662073257,"spec-3658-55205-0450.fits",1641
0.780922123054483,"spec-3658-55205-0612.fits",53
0.78111982728849,"spec-3658-55205-0308.fits",214
0.781606685553397,"spec-3658-55205-0667.fits",1984
0.781690964323709,"spec-3658-55205-0354.fits",226
0.781772027200688,"spec-3658-55205-0122.fits",2007
0.782354890591921,"spec-3658-55205-0576.fits",200
0.782418475612336,"spec-3658-55205-0897.fits",1682
0.782728701798442,"spec-3658-55205-0090.fits",1933
0.782823735104195,"spec-3658-55205-0012.fits",219
0.782865065425495,"spec-3658-55205-0327.fits",1989
0.783904943861343,"spec-3658-55205-0958.fits",1722
0.783962573407042,"spec-3658-55205-0061.fits",2103
0.784312147300138,"spec-3658-55205-0027.fits",1930
0.784671196303344,"spec-3658-55205-0748.fits",1919
0.784943678744158,"spec-3658-55205-0844.fits",1420
0.785508797507981,"spec-3658-55205-0403.fits",1702
0.787342187028212,"spec-3658-55205-0637.fits",2090
0.787562309247493,"spec-3658-55205-0261.fits",2217
0.787730157722155,"spec-3658-55205-0143.fits",2166
0.787830631214229,"spec-3658-55205-0571.fits",2119
0.787887568416107,"spec-3658-55205-0690.fits",199
0.787933255458328,"spec-3658-55205-0935.fits",209
0.787946087976032,"spec-3658-55205-0780.fits",1968
0.788086159984131,"spec-3658-55205-0860.fits",178
0.788463835859449,"spec-3658-55205-0740.fits",53
0.788497886886068,"spec-3658-55205-0842.fits",1850
0.788854826541869,"spec-3658-55205-0384.fits",227
0.789086263907379,"spec-3658-55205-0805.fits",1386
0.789677040818349,"spec-3658-55205-0037.fits",1942
0.789688568396694,"spec-3658-55205-0394.fits",2087
0.789938924736546,"spec-3658-55205-0029.fits",1992
0.790200907469222,"spec-3658-55205-0488.fits",1475
0.790296935250901,"spec-3658-55205-0023.fits",1180
0.790982678532249,"spec-3658-55205-0347.fits",1788
0.791096538383496,"spec-3658-55205-0228.fits",2107
0.791656226243103,"spec-3658-55205-0976.fits",191
0.791877749194059,"spec-3658-55205-0330.fits",211
0.792080715771137,"spec-3658-55205-0755.fits",1944
0.79238804332724,"spec-3658-55205-0036.fits",2083
0.79250355819955,"spec-3658-55205-0149.fits",2319
0.793104025685701,"spec-3658-55205-0177.fits",2087
0.793223007523361,"spec-3658-55205-0104.fits",2283
0.793847942028914,"spec-3658-55205-0499.fits",1601
0.794399022813137,"spec-3658-55205-0623.fits",1966
0.794426210290589,"spec-3658-55205-0059.fits",2282
0.794812091330931,"spec-3658-55205-0839.fits",1746
0.794904233679623,"spec-3658-55205-0731.fits",2158
0.794905693077015,"spec-3658-55205-0181.fits",2121
0.795186527752552,"spec-3658-55205-0422.fits",2103
0.795187763121544,"spec-3658-55205-0723.fits",2331
0.795657242741311,"spec-3658-55205-0302.fits",2345
0.795689877776463,"spec-3658-55205-0224.fits",1749
0.795825898892596,"spec-3658-55205-0717.fits",2168
0.796465343895353,"spec-3658-55205-0991.fits",2049
0.796747618939256,"spec-3658-55205-0102.fits",2247
0.797634932960096,"spec-3658-55205-0025.fits",2110
0.797800087313002,"spec-3658-55205-0663.fits",1967
0.797821124626499,"spec-3658-55205-0322.fits",1954
0.798161841927828,"spec-3658-55205-0904.fits",388
0.798227189287871,"spec-3658-55205-0719.fits",1894
0.79823706696149,"spec-3658-55205-0343.fits",1853
0.798751225584014,"spec-3658-55205-0033.fits",2277
0.799001587329473,"spec-3658-55205-0351.fits",1939
0.799338571912897,"spec-3658-55205-0075.fits",2164
0.799996453617027,"spec-3658-55205-0505.fits",1957
0.80034697451336,"spec-3658-55205-0299.fits",1746
0.800599200194512,"spec-3658-55205-0710.fits",2092
0.800690658922344,"spec-3658-55205-0672.fits",246
0.801279819143532,"spec-3658-55205-0500.fits",1297
0.801326880498196,"spec-3658-55205-0988.fits",2046
0.801531859554144,"spec-3658-55205-0698.fits",162
0.801755111069471,"spec-3658-55205-0396.fits",2078
0.802048778335099,"spec-3658-55205-0811.fits",1871
0.802314668780779,"spec-3658-55205-0892.fits",211
0.802416564370185,"spec-3658-55205-0134.fits",222
0.802791558666297,"spec-3658-55205-0629.fits",1915
0.802965024389972,"spec-3658-55205-0175.fits",2059
0.803233102393649,"spec-3658-55205-0711.fits",2015
0.803779459680454,"spec-3658-55205-0957.fits",1688
0.803845664156521,"spec-3658-55205-0685.fits",2180
0.804069064473214,"spec-3658-55205-0677.fits",1962
0.804124192804621,"spec-3658-55205-0997.fits",2046
0.804653429577343,"spec-3658-55205-0733.fits",2047
0.80526798832308,"spec-3658-55205-0058.fits",66
0.805722876246453,"spec-3658-55205-0766.fits",1690
0.805796256374795,"spec-3658-55205-0359.fits",1330
0.806084218660097,"spec-3658-55205-0055.fits",1710
0.806247000549759,"spec-3658-55205-0775.fits",1970
0.806607322226021,"spec-3658-55205-0459.fits",1592
0.806626048276336,"spec-3658-55205-0816.fits",1903
0.806628257066026,"spec-3658-55205-0709.fits",2059
0.806921560563505,"spec-3658-55205-0275.fits",2081
0.80729487117759,"spec-3658-55205-0331.fits",2084
0.807499654202069,"spec-3658-55205-0714.fits",2131
0.807669823292457,"spec-3658-55205-0840.fits",1782
0.807680127587631,"spec-3658-55205-0320.fits",1732
0.807765995522553,"spec-3658-55205-0348.fits",244
0.808380558518174,"spec-3658-55205-0544.fits",2399
0.80841064140162,"spec-3658-55205-0375.fits",2175
0.809338658303091,"spec-3658-55205-0344.fits",2233
0.810138456021422,"spec-3658-55205-0047.fits",2088
0.810150104726753,"spec-3658-55205-0729.fits",2236
0.810220530785384,"spec-3658-55205-0661.fits",1898
0.810584956817516,"spec-3658-55205-0290.fits",484
0.810971276528597,"spec-3658-55205-0235.fits",1926
0.811236807733327,"spec-3658-55205-0815.fits",1811
0.811707071913557,"spec-3658-55205-0643.fits",1948
0.811868061834434,"spec-3658-55205-0071.fits",2283
0.812293209421594,"spec-3658-55205-0443.fits",1444
0.812668237934322,"spec-3658-55205-0120.fits",65
0.813265602962958,"spec-3658-55205-0118.fits",2100
0.813617258465952,"spec-3658-55205-0861.fits",416
0.813774082327705,"spec-3658-55205-0119.fits",2105
0.813779941805672,"spec-3658-55205-0633.fits",1957
0.814274192599845,"spec-3658-55205-0732.fits",2133
0.814491969731477,"spec-3658-55205-0216.fits",213
0.814529717528972,"spec-3658-55205-0833.fits",2002
0.814553599767124,"spec-3658-55205-0267.fits",2073
0.81501744672432,"spec-3658-55205-0604.fits",1
0.815187965098452,"spec-3658-55205-0559.fits",2337
0.815376146887689,"spec-3658-55205-0300.fits",216
0.815421919927488,"spec-3658-55205-0742.fits",578
0.815452355141761,"spec-3658-55205-0537.fits",2085
0.815989787310602,"spec-3658-55205-0095.fits",1737
0.816135784064911,"spec-3658-55205-0983.fits",2061
0.816393362018802,"spec-3658-55205-0446.fits",1512
0.816433442693722,"spec-3658-55205-0423.fits",1851
0.816759882307005,"spec-3658-55205-0744.fits",97
0.816852368448393,"spec-3658-55205-0038.fits",215
0.817023663501637,"spec-3658-55205-0562.fits",965
0.817181793092178,"spec-3658-55205-0304.fits",187
0.817268761518751,"spec-3658-55205-0853.fits",1947
0.817444353596541,"spec-3658-55205-0671.fits",2027
0.818002046741971,"spec-3658-55205-0651.fits",2026
0.818081958642341,"spec-3658-55205-0856.fits",835
0.818089868161686,"spec-3658-55205-0282.fits",665
0.818124637020143,"spec-3658-55205-0274.fits",212
0.81820730602583,"spec-3658-55205-0057.fits",2038
0.818298691723971,"spec-3658-55205-0007.fits",1539
0.818359630659128,"spec-3658-55205-0442.fits",0
0.818475099628414,"spec-3658-55205-0882.fits",1689
0.818904788901121,"spec-3658-55205-0180.fits",2420
0.81894877104874,"spec-3658-55205-0652.fits",1950
0.819132529260927,"spec-3658-55205-0607.fits",45
0.819560556220591,"spec-3658-55205-0965.fits",2217
0.819594342798598,"spec-3658-55205-0779.fits",1980
0.819667800436432,"spec-3658-55205-0977.fits",1487
0.819819057523899,"spec-3658-55205-0782.fits",650
0.819926252834276,"spec-3658-55205-0125.fits",2427
0.820068970161769,"spec-3658-55205-0923.fits",199
0.820417277870512,"spec-3658-55205-0605.fits",2202
0.82049131753607,"spec-3658-55205-0665.fits",1935
0.8209817777521,"spec-3658-55205-0265.fits",2257
0.820993966016979,"spec-3658-55205-0979.fits",1584
0.821084919086207,"spec-3658-55205-0902.fits",199
0.82167756818949,"spec-3658-55205-0678.fits",2157
0.821718992368102,"spec-3658-55205-0105.fits",2253
0.82181983177768,"spec-3658-55205-0689.fits",2024
0.822025630902886,"spec-3658-55205-0821.fits",1537
0.822076036897267,"spec-3658-55205-0366.fits",2029
0.822334606785664,"spec-3658-55205-0368.fits",1959
0.822486071450294,"spec-3658-55205-0089.fits",2144
0.823369864542053,"spec-3658-55205-0341.fits",1866
0.823846424892307,"spec-3658-55205-0795.fits",2195
0.82393151744708,"spec-3658-55205-0051.fits",1944
0.824127906290654,"spec-3658-55205-0634.fits",1966
0.824496861348316,"spec-3658-55205-0995.fits",1349
0.824556726165184,"spec-3658-55205-0628.fits",1865
0.824581110209708,"spec-3658-55205-0611.fits",1970
0.824751266718958,"spec-3658-55205-0069.fits",2276
0.824779009322605,"spec-3658-55205-0745.fits",2096
0.824939503688946,"spec-3658-55205-0527.fits",2099
0.825015438766336,"spec-3658-55205-0753.fits",2045
0.825424924474413,"spec-3658-55205-0692.fits",2096
0.825612967299143,"spec-3658-55205-0954.fits",1690
0.825879818523786,"spec-3658-55205-0328.fits",1791
0.825933571554073,"spec-3658-55205-0810.fits",232
0.825966998105377,"spec-3658-55205-0593.fits",1947
0.826003369799467,"spec-3658-55205-0088.fits",2054
0.826117468340116,"spec-3658-55205-0674.fits",200
0.826497803216992,"spec-3658-55205-0391.fits",1786
0.826505860793235,"spec-3658-55205-0793.fits",1879
0.826655074788396,"spec-3658-55205-0248.fits",2342
0.827059766700835,"spec-3658-55205-0747.fits",1969
0.827159744694557,"spec-3658-55205-0738.fits",2056
0.827201912658108,"spec-3658-55205-0657.fits",1692
0.827362022458775,"spec-3658-55205-0067.fits",2126
0.827398059847267,"spec-3658-55205-0289.fits",1892
0.827536352006092,"spec-3658-55205-0018.fits",24
0.827802794549392,"spec-3658-55205-0371.fits",1947
0.828105251860697,"spec-3658-55205-0111.fits",2391
0.828138835519098,"spec-3658-55205-0049.fits",1973
0.828187422255701,"spec-3658-55205-0083.fits",2049
0.8281913634759,"spec-3658-55205-0184.fits",1919
0.828192622066897,"spec-3658-55205-0212.fits",2164
0.828372651422651,"spec-3658-55205-0280.fits",216
0.828702044799841,"spec-3658-55205-0727.fits",2222
0.828732687184279,"spec-3658-55205-0103.fits",478
0.82876490448775,"spec-3658-55205-0209.fits",1368
0.828920027392748,"spec-3658-55205-0264.fits",228
0.829958108853709,"spec-3658-55205-0606.fits",46
0.830275659529162,"spec-3658-55205-0649.fits",1938
0.830363997602373,"spec-3658-55205-0030.fits",2050
0.830607842927995,"spec-3658-55205-0072.fits",868
0.830666752609649,"spec-3658-55205-0656.fits",901
0.830685752850601,"spec-3658-55205-0922.fits",211
0.830816949818664,"spec-3658-55205-0259.fits",2163
0.830826209272262,"spec-3658-55205-0409.fits",1374
0.831408580653469,"spec-3658-55205-0068.fits",654
0.83202142556554,"spec-3658-55205-0087.fits",1949
0.832104297729099,"spec-3658-55205-0193.fits",2066
0.832353343194419,"spec-3658-55205-0619.fits",1981
0.832506663290737,"spec-3658-55205-0020.fits",422
0.83293624104458,"spec-3658-55205-0168.fits",2145
0.833388963570308,"spec-3658-55205-0432.fits",579
0.833522052705883,"spec-3658-55205-0467.fits",1762
0.833624061211483,"spec-3658-55205-0373.fits",2219
0.833675180646015,"spec-3658-55205-0550.fits",1801
0.833845007778181,"spec-3658-55205-0949.fits",1583
0.833877529269859,"spec-3658-55205-0909.fits",1728
0.833972039676976,"spec-3658-55205-0701.fits",1924
0.834110267543092,"spec-3658-55205-0551.fits",2291
0.83440715884316,"spec-3658-55205-0349.fits",2016
0.834552508329569,"spec-3658-55205-0360.fits",670
0.834740219789291,"spec-3658-55205-0627.fits",1926
0.835076068338697,"spec-3658-55205-0084.fits",1888
0.835755945661693,"spec-3658-55205-0545.fits",1818
0.835770562677074,"spec-3658-55205-0253.fits",2188
0.83606641062233,"spec-3658-55205-0998.fits",1942
0.836083220360134,"spec-3658-55205-0912.fits",1865
0.836192320052556,"spec-3658-55205-0335.fits",2137
0.836603895688213,"spec-3658-55205-0777.fits",1994
0.837207528225809,"spec-3658-55205-0109.fits",1935
0.837361186685373,"spec-3658-55205-0099.fits",1189
0.837367228463493,"spec-3658-55205-0673.fits",1968
0.837494909742507,"spec-3658-55205-0285.fits",2189
0.837623741761166,"spec-3658-55205-0681.fits",2021
0.837889840239868,"spec-3658-55205-0609.fits",73
0.837980329434744,"spec-3658-55205-0918.fits",55
0.838484436355769,"spec-3658-55205-0822.fits",1835
0.839004252366461,"spec-3658-55205-0703.fits",2069
0.839161096592669,"spec-3658-55205-0899.fits",1038
0.839467695411983,"spec-3658-55205-0506.fits",929
0.839739388552987,"spec-3658-55205-0173.fits",2228
0.839773357163535,"spec-3658-55205-0132.fits",2408
0.839871087392189,"spec-3658-55205-0915.fits",1928
0.840022036695899,"spec-3658-55205-0241.fits",2073
0.840305089072025,"spec-3658-55205-0820.fits",2041
0.840341625822709,"spec-3658-55205-0021.fits",1988
0.84038564783106,"spec-3658-55205-0182.fits",2376
0.840429014884144,"spec-3658-55205-0894.fits",60
0.840572871703753,"spec-3658-55205-0291.fits",2007
0.840713673498407,"spec-3658-55205-0244.fits",2391
0.840837113554887,"spec-3658-55205-0798.fits",1003
0.840964833426753,"spec-3658-55205-0433.fits",1906
0.840972795732212,"spec-3658-55205-0928.fits",214
0.841046502177938,"spec-3658-55205-0962.fits",1733
0.841199101153528,"spec-3658-55205-0799.fits",2346
0.841201288929769,"spec-3658-55205-0760.fits",808
0.841749656603889,"spec-3658-55205-0050.fits",2195
0.841845195557217,"spec-3658-55205-0543.fits",1945
0.841892527315681,"spec-3658-55205-0763.fits",1993
0.841975161561957,"spec-3658-55205-0316.fits",1608
0.842467299193862,"spec-3658-55205-0431.fits",656
0.842631476617224,"spec-3658-55205-0011.fits",2291
0.843035569115145,"spec-3658-55205-0402.fits",214
0.843187934130824,"spec-3658-55205-0791.fits",2387
0.843207951044729,"spec-3658-55205-0933.fits",1942
0.843258645132461,"spec-3658-55205-0162.fits",2159
0.843296105126809,"spec-3658-55205-0625.fits",1963
0.843314187378767,"spec-3658-55205-0272.fits",1789
0.843364505645511,"spec-3658-55205-0145.fits",1805
0.843743957741494,"spec-3658-55205-0644.fits",1990
0.844242040976335,"spec-3658-55205-0464.fits",2106
0.844273383289653,"spec-3658-55205-0155.fits",2218
0.844413179396989,"spec-3658-55205-0497.fits",1796
0.844495632297443,"spec-3658-55205-0509.fits",700
0.844602187683869,"spec-3658-55205-0296.fits",1381
0.845117980926918,"spec-3658-55205-0814.fits",1912
0.845172188823699,"spec-3658-55205-0484.fits",1704
0.845607107509308,"spec-3658-55205-0210.fits",2212
0.845801960608453,"spec-3658-55205-0646.fits",2045
0.845852881490923,"spec-3658-55205-0549.fits",2050
0.845955523080962,"spec-3658-55205-0379.fits",2197
0.846106591920863,"spec-3658-55205-0044.fits",2058
0.846358653215999,"spec-3658-55205-0130.fits",2049
0.846587892512791,"spec-3658-55205-0691.fits",1946
0.846616731291315,"spec-3658-55205-0096.fits",2400
0.847299364250784,"spec-3658-55205-0315.fits",2425
0.847301019478145,"spec-3658-55205-0512.fits",1507
0.847500658870324,"spec-3658-55205-0451.fits",239
0.847534003009341,"spec-3658-55205-0387.fits",1780
0.84762236384727,"spec-3658-55205-0739.fits",1599
0.847977894271042,"spec-3658-55205-0246.fits",1604
0.848287012155423,"spec-3658-55205-0771.fits",2230
0.848458759774371,"spec-3658-55205-0528.fits",1115
0.848569298550119,"spec-3658-55205-0043.fits",1943
0.848594649905246,"spec-3658-55205-0921.fits",2355
0.848647470716673,"spec-3658-55205-0741.fits",2092
0.848705706921306,"spec-3658-55205-0317.fits",1763
0.848928232643914,"spec-3658-55205-0608.fits",45
0.848986455410534,"spec-3658-55205-0481.fits",1618
0.849201756291308,"spec-3658-55205-0599.fits",1951
0.849327570140923,"spec-3658-55205-0502.fits",940
0.850042071329536,"spec-3658-55205-0764.fits",2201
0.8500904868912,"spec-3658-55205-0959.fits",1531
0.850097301803481,"spec-3658-55205-0123.fits",2318
0.850209645095775,"spec-3658-55205-0128.fits",2161
0.850244287656915,"spec-3658-55205-0185.fits",2411
0.850273144309701,"spec-3658-55205-0416.fits",750
0.850518152145999,"spec-3658-55205-0830.fits",2383
0.850559850710231,"spec-3658-55205-0314.fits",2322
0.850823721025612,"spec-3658-55205-0655.fits",1939
0.85087945245213,"spec-3658-55205-0414.fits",1398
0.850890398011506,"spec-3658-55205-0363.fits",2045
0.85107819015442,"spec-3658-55205-0257.fits",1710
0.851103059086577,"spec-3658-55205-0239.fits",1927
0.851245733132153,"spec-3658-55205-0113.fits",2404
0.851430501697498,"spec-3658-55205-0890.fits",2201
0.851438137923953,"spec-3658-55205-0124.fits",2003
0.851440411356818,"spec-3658-55205-0153.fits",2241
0.85147425815547,"spec-3658-55205-0759.fits",1936
0.851669765693826,"spec-3658-55205-0218.fits",325
0.851677952787148,"spec-3658-55205-0255.fits",2200
0.852253918391951,"spec-3658-55205-0306.fits",216
0.852386851706247,"spec-3658-55205-0453.fits",1620
0.852626624202492,"spec-3658-55205-0785.fits",2090
0.852680031226444,"spec-3658-55205-0944.fits",1369
0.852886836435683,"spec-3658-55205-0620.fits",2002
0.853048560331429,"spec-3658-55205-0305.fits",2044
0.853165551759462,"spec-3658-55205-0730.fits",2427
0.853193051444983,"spec-3658-55205-0642.fits",1798
0.854473006722574,"spec-3658-55205-0179.fits",2038
0.854480911964564,"spec-3658-55205-0716.fits",174
0.855081692438498,"spec-3658-55205-0889.fits",2046
0.855442128581971,"spec-3658-55205-0948.fits",1493
0.855698015213087,"spec-3658-55205-0812.fits",1904
0.855720813987025,"spec-3658-55205-0603.fits",2144
0.855816525643157,"spec-3658-55205-0829.fits",1649
0.855983685315704,"spec-3658-55205-0251.fits",2390
0.856092501891755,"spec-3658-55205-0847.fits",1691
0.856124381054457,"spec-3658-55205-0679.fits",2200
0.856144456561711,"spec-3658-55205-0843.fits",1848
0.856190963830705,"spec-3658-55205-0718.fits",1985
0.856512989320928,"spec-3658-55205-0313.fits",1946
0.856684962916911,"spec-3658-55205-0868.fits",17
0.856764813291401,"spec-3658-55205-0610.fits",9
0.856936577785726,"spec-3658-55205-0131.fits",2057
0.857124587126492,"spec-3658-55205-0560.fits",2201
0.857317780778138,"spec-3658-55205-0151.fits",2101
0.857336150282157,"spec-3658-55205-0583.fits",2107
0.857455570631055,"spec-3658-55205-0195.fits",2106
0.857713540997486,"spec-3658-55205-0236.fits",1106
0.857788861532197,"spec-3658-55205-0905.fits",1859
0.858535012926815,"spec-3658-55205-0215.fits",1692
0.858712287120786,"spec-3658-55205-0222.fits",2084
0.859774940638014,"spec-3658-55205-0219.fits",2196
0.860004030983545,"spec-3658-55205-0288.fits",2385
0.860072085647491,"spec-3658-55205-0281.fits",1916
0.860142223119548,"spec-3658-55205-0569.fits",1451
0.860349888661522,"spec-3658-55205-0590.fits",1921
0.860592126916952,"spec-3658-55205-0229.fits",2016
0.86086798928313,"spec-3658-55205-0364.fits",1637
0.861139805092842,"spec-3658-55205-0675.fits",1687
0.861222871621699,"spec-3658-55205-0797.fits",2413
0.861451733375725,"spec-3658-55205-0581.fits",1817
0.861454502765965,"spec-3658-55205-0213.fits",2162
0.861516457912845,"spec-3658-55205-0158.fits",980
0.861720950610641,"spec-3658-55205-0429.fits",1932
0.861749866314808,"spec-3658-55205-0489.fits",2293
0.861901606272145,"spec-3658-55205-0818.fits",1886
0.862193552113163,"spec-3658-55205-0597.fits",1905
0.862244921000751,"spec-3658-55205-0511.fits",1912
0.862308277114353,"spec-3658-55205-0045.fits",1902
0.862321618250517,"spec-3658-55205-0940.fits",2200
0.862426362286309,"spec-3658-55205-0496.fits",1613
0.862426436758296,"spec-3658-55205-0477.fits",2172
0.862529114742589,"spec-3658-55205-0809.fits",1885
0.862616111328773,"spec-3658-55205-0838.fits",1390
0.862874388421736,"spec-3658-55205-0978.fits",75
0.863124832035898,"spec-3658-55205-0802.fits",1675
0.863258780462674,"spec-3658-55205-0019.fits",1802
0.863637269720944,"spec-3658-55205-0004.fits",1828
0.86387893803159,"spec-3658-55205-0908.fits",1729
0.864135067708853,"spec-3658-55205-0522.fits",57
0.864382905861422,"spec-3658-55205-0514.fits",700
0.864421467759431,"spec-3658-55205-0293.fits",1958
0.864449645317995,"spec-3658-55205-0413.fits",1874
0.864492414913382,"spec-3658-55205-0189.fits",1995
0.864533154056053,"spec-3658-55205-0751.fits",1484
0.864680873161343,"spec-3658-55205-0369.fits",1787
0.864874946042106,"spec-3658-55205-0680.fits",2171
0.864998704785473,"spec-3658-55205-0841.fits",1958
0.865336606253893,"spec-3658-55205-0631.fits",2245
0.865349092140442,"spec-3658-55205-0225.fits",2420
0.865416159675206,"spec-3658-55205-0462.fits",2249
0.865472711032805,"spec-3658-55205-0762.fits",2200
0.865762403262285,"spec-3658-55205-0015.fits",1932
0.865775465318121,"spec-3658-55205-0167.fits",2254
0.86577656389828,"spec-3658-55205-0493.fits",1623
0.865815905498107,"spec-3658-55205-0621.fits",1945
0.865840017936672,"spec-3658-55205-0781.fits",2435
0.865966169264249,"spec-3658-55205-0449.fits",1977
0.866054271997079,"spec-3658-55205-0787.fits",1702
0.866361532830227,"spec-3658-55205-0553.fits",2412
0.866492572713674,"spec-3658-55205-0961.fits",1440
0.86652017338502,"spec-3658-55205-0756.fits",2226
0.866639419504097,"spec-3658-55205-0557.fits",2129
0.866664706298071,"spec-3658-55205-0963.fits",82
0.86694878298315,"spec-3658-55205-0008.fits",568
0.867073405025836,"spec-3658-55205-0262.fits",1919
0.86724437389778,"spec-3658-55205-0428.fits",1726
0.867369039905874,"spec-3658-55205-0191.fits",2202
0.867470653221337,"spec-3658-55205-0765.fits",1700
0.867489245697455,"spec-3658-55205-0147.fits",1950
0.868071185392268,"spec-3658-55205-0946.fits",1236
0.868172581879248,"spec-3658-55205-0283.fits",1690
0.868175848259369,"spec-3658-55205-0377.fits",1990
0.868418344171767,"spec-3658-55205-0761.fits",2182
0.868747155748577,"spec-3658-55205-0769.fits",2355
0.868824956415404,"spec-3658-55205-0683.fits",2392
0.868986099820232,"spec-3658-55205-0042.fits",1890
0.869492532411087,"spec-3658-55205-0955.fits",1508
0.869500028933828,"spec-3658-55205-0298.fits",2069
0.869633258819929,"spec-3658-55205-0303.fits",892
0.869651070718383,"spec-3658-55205-0365.fits",1877
0.86970157254943,"spec-3658-55205-0757.fits",1758
0.869948377906894,"spec-3658-55205-0516.fits",1238
0.87014260746532,"spec-3658-55205-0427.fits",1955
0.870149683242923,"spec-3658-55205-0807.fits",2366
0.870337682059288,"spec-3658-55205-0980.fits",1652
0.870398089059005,"spec-3658-55205-0498.fits",2155
0.870609409662506,"spec-3658-55205-0529.fits",2267
0.87065566525689,"spec-3658-55205-0135.fits",2089
0.870737929882645,"spec-3658-55205-0613.fits",218
0.870802136005484,"spec-3658-55205-0879.fits",2295
0.871121705413736,"spec-3658-55205-0790.fits",2400
0.871176271712655,"spec-3658-55205-0778.fits",2326
0.871234646301474,"spec-3658-55205-0342.fits",1436
0.871308921234026,"spec-3658-55205-0268.fits",2237
0.871412700142291,"spec-3658-55205-0202.fits",844
0.87148354535832,"spec-3658-55205-0311.fits",2066
0.871511654124211,"spec-3658-55205-0654.fits",1765
0.871714315310368,"spec-3658-55205-0060.fits",1433
0.872108048153554,"spec-3658-55205-0971.fits",1584
0.872194656908676,"spec-3658-55205-0931.fits",245
0.872251452862423,"spec-3658-55205-0639.fits",1988
0.872356834642963,"spec-3658-55205-0552.fits",2334
0.87240464481271,"spec-3658-55205-0937.fits",2347
0.872569992066302,"spec-3658-55205-0869.fits",2277
0.872661110748869,"spec-3658-55205-0693.fits",2103
0.872736426109709,"spec-3658-55205-0947.fits",1876
0.872959558432705,"spec-3658-55205-0233.fits",2437
0.873102829556703,"spec-3658-55205-0466.fits",965
0.87316737263836,"spec-3658-55205-0337.fits",2265
0.873217629204731,"spec-3658-55205-0850.fits",2003
0.873224471297844,"spec-3658-55205-0883.fits",2185
0.873426621177132,"spec-3658-55205-0854.fits",193
0.873508243894049,"spec-3658-55205-0974.fits",1725
0.873645718133434,"spec-3658-55205-0310.fits",1024
0.873709621911317,"spec-3658-55205-0250.fits",2128
0.873870110029909,"spec-3658-55205-0836.fits",191
0.873875038779705,"spec-3658-55205-0884.fits",1892
0.874159359005438,"spec-3658-55205-0699.fits",2054
0.874459501272281,"spec-3658-55205-0670.fits",2110
0.874459700523455,"spec-3658-55205-0728.fits",12
0.874795608791291,"spec-3658-55205-0970.fits",1635
0.874865263398102,"spec-3658-55205-0367.fits",1992
0.87511841596788,"spec-3658-55205-0999.fits",1723
0.875352758105726,"spec-3658-55205-0951.fits",1751
0.875357320871713,"spec-3658-55205-0390.fits",1709
0.875736355319606,"spec-3658-55205-0541.fits",2306
0.875795537802428,"spec-3658-55205-0837.fits",1998
0.87600959909225,"spec-3658-55205-0864.fits",793
0.876272042551919,"spec-3658-55205-0383.fits",2259
0.87658779983704,"spec-3658-55205-0139.fits",2155
0.876690542691908,"spec-3658-55205-0519.fits",1892
0.877170674375998,"spec-3658-55205-0520.fits",640
0.877195007907735,"spec-3658-55205-0574.fits",1149
0.877220689093205,"spec-3658-55205-0903.fits",2392
0.877284087573165,"spec-3658-55205-0286.fits",2156
0.877298208028545,"spec-3658-55205-0430.fits",696
0.877454418522539,"spec-3658-55205-0307.fits",2366
0.877471308368597,"spec-3658-55205-0480.fits",1598
0.877496559097244,"spec-3658-55205-0924.fits",1849
0.877791074086572,"spec-3658-55205-0875.fits",2365
0.877794250278182,"spec-3658-55205-0485.fits",2321
0.877909129628226,"spec-3658-55205-0526.fits",1810
0.878115746509605,"spec-3658-55205-0297.fits",1276
0.878144162749437,"spec-3658-55205-0900.fits",686
0.878158274693375,"spec-3658-55205-0750.fits",1876
0.878270432113854,"spec-3658-55205-0141.fits",2372
0.879218109216019,"spec-3658-55205-0376.fits",2202
0.879334741262765,"spec-3658-55205-0345.fits",2405
0.879447158378154,"spec-3658-55205-0136.fits",2067
0.879713478337116,"spec-3658-55205-0697.fits",2174
0.879777508537496,"spec-3658-55205-0491.fits",1974
0.879852478207198,"spec-3658-55205-0687.fits",1993
0.879880758686253,"spec-3658-55205-0950.fits",38
0.879915142379983,"spec-3658-55205-0503.fits",1184
0.880049997922079,"spec-3658-55205-0776.fits",1864
0.880223257946909,"spec-3658-55205-0587.fits",400
0.880323383607486,"spec-3658-55205-0539.fits",2034
0.880545337029326,"spec-3658-55205-0361.fits",2380
0.880828044569076,"spec-3658-55205-0696.fits",1951
0.88095926370634,"spec-3658-55205-0668.fits",2056
0.881023992579172,"spec-3658-55205-0969.fits",1334
0.881151104877203,"spec-3658-55205-0230.fits",2256
0.881245858671864,"spec-3658-55205-0492.fits",1373
0.881265016490286,"spec-3658-55205-0669.fits",2287
0.881311359313443,"spec-3658-55205-0925.fits",2107
0.881641085041468,"spec-3658-55205-0874.fits",2332
0.882145632531517,"spec-3658-55205-0524.fits",948
0.882156770409974,"spec-3658-55205-0463.fits",1996
0.882311965097631,"spec-3658-55205-0211.fits",2167
0.882372454876279,"spec-3658-55205-0960.fits",1726
0.882447557857087,"spec-3658-55205-0624.fits",1910
0.882493559359221,"spec-3658-55205-0223.fits",2205
0.882617966109797,"spec-3658-55205-0277.fits",1929
0.883215008388279,"spec-3658-55205-0001.fits",15
0.883309876099228,"spec-3658-55205-0206.fits",2160
0.883339720042462,"spec-3658-55205-0567.fits",2143
0.883399978294081,"spec-3658-55205-0695.fits",1952
0.883960024585363,"spec-3658-55205-0788.fits",2367
0.88403422390293,"spec-3658-55205-0287.fits",2034
0.884035844591859,"spec-3658-55205-0126.fits",1976
0.884072767468053,"spec-3658-55205-0943.fits",1441
0.884130855337069,"spec-3658-55205-0513.fits",2352
0.884236775968568,"spec-3658-55205-0002.fits",2066
0.884332131053368,"spec-3658-55205-0146.fits",235
0.884350917409149,"spec-3658-55205-0237.fits",2135
0.884396062247979,"spec-3658-55205-0588.fits",1883
0.885014904991881,"spec-3658-55205-0309.fits",2435
0.885295709720421,"spec-3658-55205-0013.fits",2374
0.885501500182755,"spec-3658-55205-0540.fits",2397
0.885658647784536,"spec-3658-55205-0517.fits",1900
0.885762404618793,"spec-3658-55205-0914.fits",1304
0.885868330554115,"spec-3658-55205-0579.fits",2169
0.886555415124223,"spec-3658-55205-0199.fits",2412
0.886859039716359,"spec-3658-55205-0468.fits",714
0.886875406013614,"spec-3658-55205-0618.fits",1855
0.887269990697911,"spec-3658-55205-0232.fits",403
0.887438224014061,"spec-3658-55205-0133.fits",2347
0.887722010521502,"spec-3658-55205-0575.fits",1909
0.887781441346822,"spec-3658-55205-0724.fits",305
0.887810324429743,"spec-3658-55205-0063.fits",1580
0.888065215399646,"spec-3658-55205-0465.fits",2396
0.888136161368322,"spec-3658-55205-0026.fits",2130
0.888387907961186,"spec-3658-55205-0953.fits",82
0.888424166100809,"spec-3658-55205-0964.fits",58
0.888593568018409,"spec-3658-55205-0203.fits",2245
0.888596362715342,"spec-3658-55205-0065.fits",1970
0.889198906740679,"spec-3658-55205-0170.fits",711
0.889406769558583,"spec-3658-55205-0589.fits",656
0.889431123332347,"spec-3658-55205-0110.fits",650
0.889467805013509,"spec-3658-55205-0525.fits",1845
0.889514836811277,"spec-3658-55205-0927.fits",2354
0.889573520861626,"spec-3658-55205-0473.fits",1947
0.88972944330362,"spec-3658-55205-0773.fits",2047
0.889908997653856,"spec-3658-55205-0052.fits",2217
0.890084500087569,"spec-3658-55205-0632.fits",1984
0.8901143817604,"spec-3658-55205-0270.fits",328
0.89011685772974,"spec-3658-55205-0968.fits",36
0.890238620692332,"spec-3658-55205-0863.fits",640
0.890414316918137,"spec-3658-55205-0917.fits",1930
0.890610494112516,"spec-3658-55205-0028.fits",483
0.89078096028108,"spec-3658-55205-0238.fits",962
0.891050629628439,"spec-3658-55205-0530.fits",2302
0.891066238451229,"spec-3658-55205-0437.fits",2045
0.891159773260867,"spec-3658-55205-0490.fits",2154
0.891302071353116,"spec-3658-55205-0676.fits",2069
0.891603868546113,"spec-3658-55205-0207.fits",2134
0.891614785640058,"spec-3658-55205-0641.fits",2345
0.89167953549208,"spec-3658-55205-0849.fits",2246
0.891745321768399,"spec-3658-55205-0081.fits",1799
0.892234636308072,"spec-3658-55205-0996.fits",2139
0.892242284142936,"spec-3658-55205-0077.fits",2234
0.892581406480461,"spec-3658-55205-0127.fits",2237
0.89259443246129,"spec-3658-55205-0483.fits",2380
0.892688930869841,"spec-3658-55205-0117.fits",2214
0.893116591306747,"spec-3658-55205-0789.fits",1095
0.893229553732638,"spec-3658-55205-0887.fits",1212
0.893360074708782,"spec-3658-55205-0563.fits",1782
0.893395419726126,"spec-3658-55205-0975.fits",1997
0.893686041613804,"spec-3658-55205-0507.fits",736
0.893817774221761,"spec-3658-55205-0097.fits",2284
0.893835165779495,"spec-3658-55205-0187.fits",1963
0.894043793998415,"spec-3658-55205-0163.fits",2300
0.894178779541659,"spec-3658-55205-0800.fits",1066
0.894294642421833,"spec-3658-55205-0735.fits",2140
0.894340548444334,"spec-3658-55205-0183.fits",2280
0.894381537688115,"spec-3658-55205-0357.fits",2225
0.894507671011154,"spec-3658-55205-0870.fits",2273
0.894564769167605,"spec-3658-55205-0410.fits",2362
0.894792039077465,"spec-3658-55205-0813.fits",1699
0.894889653772666,"spec-3658-55205-0823.fits",2291
0.895285620301364,"spec-3658-55205-0010.fits",1385
0.895328525804321,"spec-3658-55205-0886.fits",2375
0.895357807866086,"spec-3658-55205-0086.fits",2386
0.89555921186088,"spec-3658-55205-0846.fits",1298
0.895685414839758,"spec-3658-55205-0706.fits",1474
0.895941383586518,"spec-3658-55205-0725.fits",2202
0.896219075194879,"spec-3658-55205-0406.fits",2431
0.896247564047799,"spec-3658-55205-0073.fits",990
0.896295313736619,"spec-3658-55205-0941.fits",2143
0.896687104230955,"spec-3658-55205-0796.fits",2413
0.896760992334499,"spec-3658-55205-0338.fits",1980
0.896857945347285,"spec-3658-55205-0932.fits",225
0.896880829367939,"spec-3658-55205-0217.fits",2209
0.897049193085454,"spec-3658-55205-0598.fits",1333
0.897220887017303,"spec-3658-55205-0475.fits",702
0.897741528075104,"spec-3658-55205-0911.fits",1344
0.897761893106506,"spec-3658-55205-0129.fits",2107
0.897791545288895,"spec-3658-55205-0865.fits",2321
0.898153115446206,"spec-3658-55205-0617.fits",2098
0.898194834489276,"spec-3658-55205-0204.fits",700
0.898358059927991,"spec-3658-55205-0786.fits",2280
0.898403375026642,"spec-3658-55205-0479.fits",2105
0.898495177810121,"spec-3658-55205-0138.fits",966
0.898530184397094,"spec-3658-55205-0866.fits",829
0.898544341764047,"spec-3658-55205-0186.fits",1136
0.89862267940513,"spec-3658-55205-0973.fits",2220
0.899386319167016,"spec-3658-55205-0585.fits",1299
0.89942083340289,"spec-3658-55205-0510.fits",1157
0.899701911210282,"spec-3658-55205-0867.fits",2267
0.899732256900461,"spec-3658-55205-0531.fits",1997
0.899841413356921,"spec-3658-55205-0333.fits",2183
0.900018752454843,"spec-3658-55205-0455.fits",2265
0.900148258273289,"spec-3658-55205-0009.fits",1595
0.900591051554906,"spec-3658-55205-0046.fits",178
0.900824134917867,"spec-3658-55205-0295.fits",2084
0.900936459989903,"spec-3658-55205-0401.fits",100
0.900939941689375,"spec-3658-55205-0389.fits",230
0.901210264535497,"spec-3658-55205-0939.fits",12
0.901318120080023,"spec-3658-55205-0079.fits",888
0.901492813713792,"spec-3658-55205-0783.fits",2365
0.901667567365138,"spec-3658-55205-0169.fits",1773
0.901972030344569,"spec-3658-55205-0972.fits",1381
0.902061550437457,"spec-3658-55205-0936.fits",1867
0.902176840299528,"spec-3658-55205-0098.fits",375
0.902393683649237,"spec-3658-55205-0645.fits",631
0.902547407675943,"spec-3658-55205-0648.fits",106
0.902720427484552,"spec-3658-55205-0174.fits",2101
0.903024021227395,"spec-3658-55205-0640.fits",1881
0.903236891661883,"spec-3658-55205-0247.fits",2187
0.903351384886677,"spec-3658-55205-0532.fits",2375
0.903469258125305,"spec-3658-55205-0650.fits",1961
0.903626352323976,"spec-3658-55205-0885.fits",1596
0.904207510184173,"spec-3658-55205-0093.fits",2382
0.904315927804145,"spec-3658-55205-0845.fits",1651
0.904428504125541,"spec-3658-55205-0708.fits",1879
0.904468883923596,"spec-3658-55205-0682.fits",2031
0.904473195910785,"spec-3658-55205-0533.fits",1925
0.904585584008144,"spec-3658-55205-0447.fits",1540
0.904732943749071,"spec-3658-55205-0896.fits",1859
0.904809340781097,"spec-3658-55205-0249.fits",2377
0.905239558319129,"spec-3658-55205-0194.fits",413
0.905244171756252,"spec-3658-55205-0647.fits",2197
0.905420720941571,"spec-3658-55205-0424.fits",532
0.905808800717436,"spec-3658-55205-0871.fits",2245
0.906052955159096,"spec-3658-55205-0108.fits",1065
0.9060942757888,"spec-3658-55205-0197.fits",2236
0.906142721684075,"spec-3658-55205-0504.fits",2376
0.906335959368312,"spec-3658-55205-0080.fits",518
0.906389278481117,"spec-3658-55205-0407.fits",2094
0.906533548602853,"spec-3658-55205-0857.fits",1280
0.906574197345548,"spec-3658-55205-0292.fits",475
0.906819434894073,"spec-3658-55205-0085.fits",1791
0.907028188489356,"spec-3658-55205-0801.fits",2290
0.907060704655203,"spec-3658-55205-0881.fits",2392
0.907062895562685,"spec-3658-55205-0906.fits",1372
0.908422883131397,"spec-3658-55205-0878.fits",623
0.908433718232997,"spec-3658-55205-0898.fits",818
0.908482276999759,"spec-3658-55205-0803.fits",383
0.908504877142065,"spec-3658-55205-0702.fits",1898
0.908849904679936,"spec-3658-55205-0005.fits",1804
0.909397315233701,"spec-3658-55205-0487.fits",726
0.909678209400154,"spec-3658-55205-0877.fits",2203
0.910498120532053,"spec-3658-55205-0425.fits",2046
0.910608533860496,"spec-3658-55205-0165.fits",2408
0.910608982772229,"spec-3658-55205-0454.fits",1081
0.910623361831616,"spec-3658-55205-0171.fits",2163
0.910945888063176,"spec-3658-55205-0137.fits",2282
0.91120939148184,"spec-3658-55205-0284.fits",2363
0.911320864814584,"spec-3658-55205-0804.fits",1951
0.911371023651062,"spec-3658-55205-0164.fits",2231
0.911578208864268,"spec-3658-55205-0938.fits",162
0.911691546604062,"spec-3658-55205-0770.fits",637
0.911799091249318,"spec-3658-55205-0112.fits",2216
0.911818007721592,"spec-3658-55205-0859.fits",1844
0.911910971082206,"spec-3658-55205-0358.fits",1303
0.911957824435825,"spec-3658-55205-0561.fits",2359
0.912411909352047,"spec-3658-55205-0188.fits",748
0.913818714890891,"spec-3658-55205-0417.fits",2356
0.914059763437493,"spec-3658-55205-0566.fits",584
0.914216795469887,"spec-3658-55205-0901.fits",1585
0.914366436935794,"spec-3658-55205-0221.fits",2117
0.914531392789525,"spec-3658-55205-0159.fits",1859
0.91466256663196,"spec-3658-55205-0003.fits",0
0.914751172770193,"spec-3658-55205-0318.fits",1376
0.914866257802528,"spec-3658-55205-0523.fits",1901
0.915047956667255,"spec-3658-55205-0160.fits",630
0.915108958253202,"spec-3658-55205-0635.fits",1965
0.91514618888005,"spec-3658-55205-0227.fits",2130
0.915726621318293,"spec-3658-55205-0471.fits",680
0.916363124809825,"spec-3658-55205-0323.fits",2229
0.91682779656672,"spec-3658-55205-0107.fits",2343
0.917146403968046,"spec-3658-55205-0508.fits",2089
0.917165712110157,"spec-3658-55205-0245.fits",734
0.917237575479364,"spec-3658-55205-0626.fits",2090
0.917354189309715,"spec-3658-55205-0873.fits",764
0.917422005710126,"spec-3658-55205-0066.fits",704
0.91747262038605,"spec-3658-55205-0591.fits",677
0.917780110580316,"spec-3658-55205-0578.fits",358
0.917950225407366,"spec-3658-55205-0017.fits",2272
0.918081169414741,"spec-3658-55205-0461.fits",2145
0.918219587465093,"spec-3658-55205-0910.fits",1388
0.918326708524319,"spec-3658-55205-0260.fits",2018
0.918535068393867,"spec-3658-55205-0408.fits",1738
0.918578119695818,"spec-3658-55205-0768.fits",1017
0.918796479009524,"spec-3658-55205-0016.fits",1797
0.918867645135688,"spec-3658-55205-0474.fits",2171
0.919183600962289,"spec-3658-55205-0573.fits",2075
0.919267889693943,"spec-3658-55205-0851.fits",2286
0.919339809416005,"spec-3658-55205-0907.fits",75
0.9193627353688,"spec-3658-55205-0586.fits",210
0.919487079137133,"spec-3658-55205-0121.fits",2265
0.91960701445032,"spec-3658-55205-0660.fits",1863
0.920209970564784,"spec-3658-55205-0243.fits",2354
0.920681098509724,"spec-3658-55205-0831.fits",457
0.920728915601867,"spec-3658-55205-0926.fits",690
0.920842922146255,"spec-3658-55205-0568.fits",1275
0.920921229137716,"spec-3658-55205-0435.fits",1943
0.921476864922758,"spec-3658-55205-0436.fits",527
0.921725380620131,"spec-3658-55205-0888.fits",1344
0.922785683259158,"spec-3658-55205-0420.fits",138
0.923027655140367,"spec-3658-55205-0584.fits",290
0.923160001782372,"spec-3658-55205-0258.fits",2160
0.9232078281354,"spec-3658-55205-0715.fits",612
0.923699106888453,"spec-3658-55205-0434.fits",681
0.92401782647786,"spec-3658-55205-0534.fits",2126
0.924152904924902,"spec-3658-55205-0595.fits",2195
0.924157162592229,"spec-3658-55205-0271.fits",1742
0.924664455114234,"spec-3658-55205-0600.fits",867
0.924818319665502,"spec-3658-55205-0913.fits",1226
0.924953811398302,"spec-3658-55205-0444.fits",2438
0.924996538224419,"spec-3658-55205-0273.fits",2403
0.925181910870115,"spec-3658-55205-0062.fits",604
0.925546871947598,"spec-3658-55205-0767.fits",2434
0.925609136478056,"spec-3658-55205-0412.fits",1397
0.925799030215324,"spec-3658-55205-0570.fits",674
0.925927362955576,"spec-3658-55205-0594.fits",200
0.926348033050254,"spec-3658-55205-0582.fits",686
0.926354206077315,"spec-3658-55205-0400.fits",698
0.926589438639217,"spec-3658-55205-0835.fits",2435
0.926633129465563,"spec-3658-55205-0452.fits",651
0.926828098100502,"spec-3658-55205-0482.fits",230
0.926977296573626,"spec-3658-55205-0622.fits",1553
0.927130890271701,"spec-3658-55205-0666.fits",188
0.927148295594113,"spec-3658-55205-0495.fits",715
0.927252099556984,"spec-3658-55205-0157.fits",955
0.927272763938241,"spec-3658-55205-0340.fits",1604
0.927360718674827,"spec-3658-55205-0374.fits",2111
0.92783299360907,"spec-3658-55205-0385.fits",2382
0.927992923174212,"spec-3658-55205-1000.fits",1583
0.928193184898263,"spec-3658-55205-0205.fits",1257
0.928422058606969,"spec-3658-55205-0616.fits",619
0.928465227930671,"spec-3658-55205-0231.fits",943
0.929005385416756,"spec-3658-55205-0405.fits",1299
0.929152495626649,"spec-3658-55205-0592.fits",709
0.929398488227242,"spec-3658-55205-0746.fits",198
0.929764254881204,"spec-3658-55205-0214.fits",510
0.930110391941094,"spec-3658-55205-0614.fits",2119
0.930154997097226,"spec-3658-55205-0056.fits",1788
0.930159149786366,"spec-3658-55205-0891.fits",2330
0.93043199040814,"spec-3658-55205-0078.fits",1295
0.930502136341137,"spec-3658-55205-0825.fits",472
0.930564395159978,"spec-3658-55205-0515.fits",1260
0.93165249581367,"spec-3658-55205-0091.fits",2215
0.932080618535727,"spec-3658-55205-0226.fits",653
0.932129926310749,"spec-3658-55205-0596.fits",282
0.932409293907626,"spec-3658-55205-0166.fits",2419
0.932609381351444,"spec-3658-55205-0350.fits",2410
0.932636196981786,"spec-3658-55205-0615.fits",169
0.933226921302366,"spec-3658-55205-0855.fits",2101
0.934069183110183,"spec-3658-55205-0536.fits",968
0.934408779724706,"spec-3658-55205-0469.fits",2016
0.934855470454762,"spec-3658-55205-0893.fits",1978
0.935688179994342,"spec-3658-55205-0547.fits",2200
0.936683902810551,"spec-3658-55205-0418.fits",2241
0.938095443937537,"spec-3658-55205-0319.fits",2236
0.93858622857344,"spec-3658-55205-0439.fits",1981
0.938881218820736,"spec-3658-55205-0460.fits",958
0.939342070654142,"spec-3658-55205-0200.fits",749
0.939893693981987,"spec-3658-55205-0895.fits",2032
0.940887673715451,"spec-3658-55205-0411.fits",143
0.942079740299962,"spec-3658-55205-0415.fits",125
0.942277882654692,"spec-3658-55205-0263.fits",867
0.94229614335265,"spec-3658-55205-0339.fits",2185
0.943617499844104,"spec-3658-55205-0419.fits",1977
0.943747485406256,"spec-3658-55205-0441.fits",2267
0.945501775631065,"spec-3658-55205-0819.fits",1775
0.947546430435858,"spec-3658-55205-0438.fits",22
0.947918625795572,"spec-3658-55205-0445.fits",2260
0.948150620786,"spec-3658-55205-0053.fits",699
0.949119404234607,"spec-3658-55205-0381.fits",185
0.950069847666523,"spec-3658-55205-0916.fits",261
0.952350204371556,"spec-3658-55205-0353.fits",626
0.952934459996686,"spec-3658-55205-0817.fits",308
0.953926578350249,"spec-3658-55205-0457.fits",93
0.954187808147123,"spec-3658-55205-0535.fits",672
0.954433021913227,"spec-3658-55205-0565.fits",1800
0.958303624401853,"spec-3658-55205-0382.fits",306
0.958933782671549,"spec-3658-55205-0556.fits",54
0.959987361338221,"spec-3658-55205-0448.fits",2036
0.960889036086587,"spec-3658-55205-0355.fits",723
0.960907015673012,"spec-3658-55205-0754.fits",200
0.964181987900189,"spec-3658-55205-0662.fits",2004
0.968201072081754,"spec-3658-55205-0712.fits",363
0.970820942344399,"spec-3658-55205-0161.fits",576
0.971027215487787,"spec-3658-55205-0726.fits",52
0.974126009954664,"spec-3658-55205-0659.fits",2149
0.994551422879834,"spec-3658-55205-0577.fits",113
0.99582597525004,"spec-3658-55205-0554.fits",1940
1.03464475608022,"spec-3658-55205-0602.fits",738
Inf,"spec-3658-55205-0404.fits",NA
